 ,first_name,last_name,date_of_birth,address
0,0,0,2016-04-03,0
1,1,1,1988-09-03,1
2,2,2,1932-12-02,2
3,3,3,2009-11-06,3
4,4,4,2020-04-10,4
5,5,5,1992-08-16,5
6,3,6,1966-03-02,6
7,6,7,2014-02-23,7
8,7,8,1992-03-19,8
9,8,9,1913-04-30,9
10,9,10,1986-01-18,10
11,10,11,1989-12-13,11
12,11,12,1912-07-09,12
13,12,13,1938-09-13,13
14,13,14,1966-11-02,14
15,14,15,1941-10-28,15
16,15,16,2019-03-14,16
17,16,17,1951-04-05,17
18,17,18,1968-10-12,18
19,18,19,1931-01-03,19
20,19,3,1909-04-04,20
21,20,20,1996-08-10,21
22,21,21,1962-01-22,22
23,22,8,1917-05-27,23
24,23,22,2012-08-22,24
25,24,23,1927-08-28,25
26,25,24,1997-06-11,26
27,26,25,2014-09-01,27
28,27,26,1992-01-18,28
29,28,27,1957-04-18,29
30,29,28,2017-12-21,30
31,7,29,1981-06-11,31
32,30,30,2009-08-25,32
33,31,31,1925-05-05,33
34,32,32,1984-10-10,34
35,33,33,1945-11-18,35
36,34,34,1972-04-08,36
37,35,35,1970-02-03,37
38,36,36,1946-01-04,38
39,37,37,1955-03-13,39
40,7,38,2016-10-02,40
41,38,39,1959-09-11,41
42,14,40,1921-07-23,42
43,18,41,1920-05-13,43
44,39,42,1923-01-04,44
45,40,43,1927-01-10,45
46,41,44,2017-09-23,46
47,42,28,1949-09-06,47
48,17,0,1986-08-25,48
49,43,45,1953-01-01,49
50,44,46,2003-09-29,50
51,2,47,1951-08-17,51
52,45,48,1959-04-21,52
53,14,49,1988-08-08,53
54,46,50,1941-03-30,54
55,47,51,1924-11-30,55
56,46,52,1926-11-05,56
57,48,53,1978-11-10,57
58,49,54,2001-09-20,58
59,50,55,2011-08-16,59
60,51,56,1980-05-26,60
61,52,57,2011-06-27,61
62,53,58,2013-07-10,62
63,54,59,2006-12-22,63
64,55,60,1915-01-14,64
65,56,61,1967-10-13,65
66,57,7,1910-10-18,66
67,58,62,2020-04-07,67
68,59,63,1942-07-17,68
69,60,51,1948-02-27,69
70,61,64,1908-10-02,70
71,3,65,1947-08-25,71
72,62,66,1989-11-26,72
73,21,67,1961-07-21,73
74,35,68,1957-01-08,74
75,63,69,1948-04-18,75
76,64,70,1911-03-27,76
77,65,71,1949-03-03,77
78,66,72,1938-02-18,78
79,67,73,1950-05-04,79
80,68,74,1988-11-17,80
81,69,75,2004-05-07,81
82,70,76,2006-09-13,82
83,17,77,2016-08-24,83
84,0,78,1910-08-05,84
85,71,18,2012-09-04,85
86,33,79,1990-05-06,86
87,72,80,1945-01-17,87
88,73,81,1990-09-30,88
89,27,0,2000-12-24,89
90,74,82,1938-07-11,90
91,14,51,1973-03-21,91
92,75,83,2003-02-11,92
93,76,84,1964-03-18,93
94,77,85,1978-10-01,94
95,78,86,1995-03-15,95
96,79,53,1984-12-22,96
97,80,87,1930-07-25,97
98,81,88,1931-03-05,98
